{"file_hashes":[{"block_hashes":["7XLJUgbmKgasZwA7kPWraCaEaqbFeMn6HgvKSq1gVp0="],"block_size":4096,"path":"README"},{"block_hashes":["Nd8LiCzD129L+6LYI0DV5zbGJWad7d4VOprn6+Wiw3U="],"block_size":4096,"path":"background.js"},{"block_hashes":["JmcxrYFfoGegPohcxrpxpyA/5m/wUjLuc2LxA/Vwctc="],"block_size":4096,"path":"buttons.css"},{"block_hashes":["QH8aNz6A6TTbFqDYR/PaRhq/44v+oGN+0AfLAd6GfFQ="],"block_size":4096,"path":"config.js"},{"block_hashes":["PJBS6izfyd6DeV9JsSB54gwsa6zLwGoUnbK39IrF/j8=","GOosmRNVva7eQBlQXtfa6atPuMa+SJaaGl8yWhVuGI0=","UZAAxInmYt6ZmBLbepp0/FDhGfc+oR6r1//CUGq2LIg=","4vpvXKtO0hRua4ASQNoNY/l1ooDCSv0JXQ3kgUYgXYA=","Zqjo4gbwXntHt0R12yzQCAOVtZOiCfjFPyYz1VrQGeM=","wZO4Ihkk4C06e2u9sm1heXHuOW36LZNZXzRsnd/Ju5M=","iCVsMVDoAbAxn/8Kk21obqD2sXBDDov86Kvu5BMcWp8=","RPcyqjrf0cV73ipKms5g8RqvFy/471Ayb3R2y1jnlZA=","0Q2W2QLwHVppgkw1vf3KepT24UsLGPmB2eD5wGXmwgQ=","PjdiGNfFQeCCeohtiK0wyoafciYnaMSXJW6atNkkOD4=","yBic7zkaVFEXJrGT0qrrRyKgf57jtwi1tS8aLrbrLx0=","aduSXHZ9/L2jnL++6gUAtXXf9JrCfPzmU0vA4mNPQSA=","8a96c5ufxcEWBXuH32k+zPYDxIQqY8foZnaMssWgE80=","mH7uJts8/A0J+iIExQT2PG+ddXx4/8b6atfYYouhVc8=","m2/DypITu8kDNUAlfL8x1eqqzi+92Gi7+3H/aQFxIX4=","+BOJmNn56/bu5RCfCYS5n89YtbLUYqcWDx1JQ8KYhjg=","GUwzX5gUSWe/P/j3L2DZbVnHBHK9pt9dG1gkEjlwGRE="],"block_size":4096,"path":"images/icon_error.png"},{"block_hashes":["SITqx6N0VfTV/3mUpztaeE2WJ2j8okctXq1/LC0/Ta8=","2Z1vaRmx/ec+xN097u7O709kwD1OoGV6dhLjbMJ2JUg=","RR2KaNLjHexSqcQ/ySkHTjzwSHWjL7ibEcSjhxeB8Yg=","ROV1pmOcObOoMblZlKs4bkcPydEpHT03F9cXvXfQBPw=","+//+994wcfc2hOltmc/CCASzJIWDbIy6e1YIPGepHMU=","XNbXuMorCXfZfnJDF+CMBWqA/k7cGhewkYFCTU2D9Es=","CTuXPn4jfQsglpBx9yrPexRVXNodNEkHVlSaUecgxMM=","OwZUQfcaXtefk/QpsLtqfz5qEDCKtY7c8A0UGWgCJ30=","NnPoJIZ8fVBPAyju7fnisf2TdxApJbp3MzdAmI7yGu0=","5jlRkP2fedo189BS2GX6YE4qL2fw3xEncT14IT+ZXu8=","9FGjpsWvHxh3QQUXbHCaexwFXzZCLh4nVHZLjEuFuXk=","hRdaeOZAbvesUGdfYgpWbpl7BoJdciFscK8jyT8PDZE=","n7SffsP74Yr9eUTthipWbrux0MRYHIiMKu8CreVV9oQ=","BaBnBlbAPnzGShmHdSk0RDyb3uIdpkZHWtdMYiA/Aco=","uALBYIngW+LrrrBmbx1HrA97VKTyQpQLT7HANj2drfk=","gWE0sGClu2ElLTohLA6ba5+68j3SWJJ5TyFYUaee+Sc=","cCrGkEHsypkpe5bLbJSKynsfOBJUv+oWOwCjS2t/w6s="],"block_size":4096,"path":"images/icon_paused.png"},{"block_hashes":["OnWOWmrJ12FIZ5e0RuLkZS5cic8UMzexMCIm0cU94ao="],"block_size":4096,"path":"images/icon_paused19.png"},{"block_hashes":["xoWDLa63jwwUVCAt0saAato0nwAzQmIiX016jwbzRn0=","FsHdwJvGTfHCoQjK/3FI3WCN4lUZbhbBkj+D3cQmPf8="],"block_size":4096,"path":"images/icon_paused38.png"},{"block_hashes":["VSzcYqw01VnAyeUj8J4dnyHKcGs6zgRk+6K2mck5maE=","zBsxg2ZMy+Bqb1VBy9PoaeOAOnxJDxP8Tw5S7fgM3sc=","Q6vn81dX0M4TYQfWdcR6ym7xIX58sUmkQVOa6Gl2cmk="],"block_size":4096,"path":"images/remove.png"},{"block_hashes":["IGvn/qIpDczQUqgHg9TMXEMIh9Uc4V3YlaMHJstX5F4="],"block_size":4096,"path":"options.html"},{"block_hashes":["rVmSf8PVh5SJcUlhfHH/UWyalZc71mIDCCV1ueDPpo8="],"block_size":4096,"path":"options.js"},{"block_hashes":["2oTj/n8JjXCqqLcQoz7jZ7ooRg2iO+MYEmsE+wqULI8="],"block_size":4096,"path":"popup.html"},{"block_hashes":["cP5V3CISN7LZuC0GFeIfBbRcmpMPE9ZUCJeHRpff1ME=","xxWRuLgH3SlpRqvBKqcnsLJtGZ1gg3OepqnPulf/suc="],"block_size":4096,"path":"popup.js"},{"block_hashes":["2VtG5iqgZhFuSMirCd1fFO/RY1XnFf6TmGp5Z9Zs5ts="],"block_size":4096,"path":"sites.js"},{"block_hashes":["LOgoHKWt/J/bthvA3cdG6Sq3pcWdVmNrNoVs0HRM004="],"block_size":4096,"path":"style.css"},{"block_hashes":["SynEdqWot500q1zygvuiFsdpf8vL+hlRCLgr4h42fVo="],"block_size":4096,"path":"tracker.js"}],"version":2}